,Product Name,x,y,z,cluster,Rating
43,"4 Inch Touch Screen Cell Phone Unlocked, Android Unlocked Gsm Smartphones Dual Camera Dual Sim Dual Standby No Contract (Blue)",2.6374373,1.3126622,-0.7807634,1,5
44,"4 Inch Touch Screen Cell Phone Unlocked, Android Unlocked Gsm Smartphones Dual Camera Dual Sim Dual Standby No Contract (Blue)",-3.277965,-1.0760111,-0.7455337,2,4
45,"4 Inch Touch Screen Cell Phone Unlocked, Android Unlocked Gsm Smartphones Dual Camera Dual Sim Dual Standby No Contract (Blue)",-0.08517613,0.63407665,1.2349868,0,3
46,"4 Inch Touch Screen Cell Phone Unlocked, Android Unlocked Gsm Smartphones Dual Camera Dual Sim Dual Standby No Contract (Blue)",0.08792682,0.50695384,1.5473522,0,3
47,"4 Inch Touch Screen Cell Phone Unlocked, Android Unlocked Gsm Smartphones Dual Camera Dual Sim Dual Standby No Contract (Blue)",-2.8718467,1.4061507,-2.1016092,2,4
48,"4 Inch Touch Screen Cell Phone Unlocked, Android Unlocked Gsm Smartphones Dual Camera Dual Sim Dual Standby No Contract (Blue)",2.0305433,0.4495006,-1.3269966,1,4
49,"4 Inch Touch Screen Cell Phone Unlocked, Android Unlocked Gsm Smartphones Dual Camera Dual Sim Dual Standby No Contract (Blue)",0.57884794,-0.9287715,0.93029565,0,1
50,"4 Inch Touch Screen Cell Phone Unlocked, Android Unlocked Gsm Smartphones Dual Camera Dual Sim Dual Standby No Contract (Blue)",-1.5111479,-0.7343763,0.28614184,2,4
51,"4 Inch Touch Screen Cell Phone Unlocked, Android Unlocked Gsm Smartphones Dual Camera Dual Sim Dual Standby No Contract (Blue)",1.3946925,-0.99248964,0.26387203,0,1
52,"4 Inch Touch Screen Cell Phone Unlocked, Android Unlocked Gsm Smartphones Dual Camera Dual Sim Dual Standby No Contract (Blue)",-2.2482524,-0.7087177,-0.1944899,2,5
53,"4 Inch Touch Screen Cell Phone Unlocked, Android Unlocked Gsm Smartphones Dual Camera Dual Sim Dual Standby No Contract (Blue)",1.7788589,0.29482672,-0.35613695,0,2
54,"4 Inch Touch Screen Cell Phone Unlocked, Android Unlocked Gsm Smartphones Dual Camera Dual Sim Dual Standby No Contract (Blue)",2.9019108,-0.4899463,0.28934366,1,2
55,"4 Inch Touch Screen Cell Phone Unlocked, Android Unlocked Gsm Smartphones Dual Camera Dual Sim Dual Standby No Contract (Blue)",-1.5278517,-2.100462,-0.96365494,2,5
56,"4 Inch Touch Screen Cell Phone Unlocked, Android Unlocked Gsm Smartphones Dual Camera Dual Sim Dual Standby No Contract (Blue)",1.477157,1.7752414,-0.4712484,0,3
57,"4 Inch Touch Screen Cell Phone Unlocked, Android Unlocked Gsm Smartphones Dual Camera Dual Sim Dual Standby No Contract (Blue)",0.29226434,-0.5922051,2.131206,0,4
58,"4 Inch Touch Screen Cell Phone Unlocked, Android Unlocked Gsm Smartphones Dual Camera Dual Sim Dual Standby No Contract (Blue)",-1.134722,-1.2858961,-0.5819486,2,3
59,"4 Inch Touch Screen Cell Phone Unlocked, Android Unlocked Gsm Smartphones Dual Camera Dual Sim Dual Standby No Contract (Blue)",3.6573489,-1.2534381,-1.1220614,1,2
60,"4 Inch Touch Screen Cell Phone Unlocked, Android Unlocked Gsm Smartphones Dual Camera Dual Sim Dual Standby No Contract (Blue)",-0.81975406,-0.09008914,1.2594842,2,5
61,"4 Inch Touch Screen Cell Phone Unlocked, Android Unlocked Gsm Smartphones Dual Camera Dual Sim Dual Standby No Contract (Blue)",-1.3851975,0.8222543,0.87657756,2,5
62,"4 Inch Touch Screen Cell Phone Unlocked, Android Unlocked Gsm Smartphones Dual Camera Dual Sim Dual Standby No Contract (Blue)",-2.2624924,1.8681957,0.38328165,2,5
63,"4 Inch Touch Screen Cell Phone Unlocked, Android Unlocked Gsm Smartphones Dual Camera Dual Sim Dual Standby No Contract (Blue)",-0.7945707,-0.99212104,-0.53356457,2,1
64,"4 Inch Touch Screen Cell Phone Unlocked, Android Unlocked Gsm Smartphones Dual Camera Dual Sim Dual Standby No Contract (Blue)",1.0027218,0.20953822,0.4129538,0,1
65,"4 Inch Touch Screen Cell Phone Unlocked, Android Unlocked Gsm Smartphones Dual Camera Dual Sim Dual Standby No Contract (Blue)",1.4345882,-0.22456826,-0.9129325,1,2
66,"4 Inch Touch Screen Cell Phone Unlocked, Android Unlocked Gsm Smartphones Dual Camera Dual Sim Dual Standby No Contract (Blue)",-1.4998802,0.8293325,-1.2619034,2,5
67,"4 Inch Touch Screen Cell Phone Unlocked, Android Unlocked Gsm Smartphones Dual Camera Dual Sim Dual Standby No Contract (Blue)",-0.08517613,0.63407665,1.2349868,0,3
68,"4 Inch Touch Screen Cell Phone Unlocked, Android Unlocked Gsm Smartphones Dual Camera Dual Sim Dual Standby No Contract (Blue)",1.379487,-1.9162527,-0.58749145,1,1
69,"4 Inch Touch Screen Cell Phone Unlocked, Android Unlocked Gsm Smartphones Dual Camera Dual Sim Dual Standby No Contract (Blue)",0.5325459,-1.1895775,-0.6604787,0,1
70,"4 Inch Touch Screen Cell Phone Unlocked, Android Unlocked Gsm Smartphones Dual Camera Dual Sim Dual Standby No Contract (Blue)",-1.5111479,-0.7343763,0.28614184,2,4
71,"4 Inch Touch Screen Cell Phone Unlocked, Android Unlocked Gsm Smartphones Dual Camera Dual Sim Dual Standby No Contract (Blue)",2.637437,1.3126621,-0.78076315,1,5
72,"4 Inch Touch Screen Cell Phone Unlocked, Android Unlocked Gsm Smartphones Dual Camera Dual Sim Dual Standby No Contract (Blue)",-3.277965,-1.0760112,-0.7455339,2,4
73,"4 Inch Touch Screen Cell Phone Unlocked, Android Unlocked Gsm Smartphones Dual Camera Dual Sim Dual Standby No Contract (Blue)",1.3946925,-0.99248964,0.26387203,0,1
74,"4 Inch Touch Screen Cell Phone Unlocked, Android Unlocked Gsm Smartphones Dual Camera Dual Sim Dual Standby No Contract (Blue)",-2.2482524,-0.7087177,-0.1944899,2,5
75,"4 Inch Touch Screen Cell Phone Unlocked, Android Unlocked Gsm Smartphones Dual Camera Dual Sim Dual Standby No Contract (Blue)",1.7788589,0.29482672,-0.35613695,0,2
76,"4 Inch Touch Screen Cell Phone Unlocked, Android Unlocked Gsm Smartphones Dual Camera Dual Sim Dual Standby No Contract (Blue)",2.9019108,-0.4899463,0.28934366,1,2
77,"4 Inch Touch Screen Cell Phone Unlocked, Android Unlocked Gsm Smartphones Dual Camera Dual Sim Dual Standby No Contract (Blue)",-0.011587147,-0.95414174,1.8861777,0,3
78,"4 Inch Touch Screen Cell Phone Unlocked, Android Unlocked Gsm Smartphones Dual Camera Dual Sim Dual Standby No Contract (Blue)",-1.5278517,-2.100462,-0.96365494,2,5
79,"4 Inch Touch Screen Cell Phone Unlocked, Android Unlocked Gsm Smartphones Dual Camera Dual Sim Dual Standby No Contract (Blue)",1.477157,1.7752414,-0.4712484,0,3
80,"4 Inch Touch Screen Cell Phone Unlocked, Android Unlocked Gsm Smartphones Dual Camera Dual Sim Dual Standby No Contract (Blue)",0.6150195,2.8592594,0.06840869,0,5
81,"4 Inch Touch Screen Cell Phone Unlocked, Android Unlocked Gsm Smartphones Dual Camera Dual Sim Dual Standby No Contract (Blue)",1.0005138,2.2618935,0.009234991,0,5
82,"4 Inch Touch Screen Cell Phone Unlocked, Android Unlocked Gsm Smartphones Dual Camera Dual Sim Dual Standby No Contract (Blue)",-2.7052083,0.68170935,-0.19586097,2,5
83,"4 Inch Touch Screen Cell Phone Unlocked, Android Unlocked Gsm Smartphones Dual Camera Dual Sim Dual Standby No Contract (Blue)",-0.3787876,0.80000716,0.65926254,2,5
84,"4 Inch Touch Screen Cell Phone Unlocked, Android Unlocked Gsm Smartphones Dual Camera Dual Sim Dual Standby No Contract (Blue)",-1.134722,-1.2858961,-0.5819486,2,3
85,"4 Inch Touch Screen Cell Phone Unlocked, Android Unlocked Gsm Smartphones Dual Camera Dual Sim Dual Standby No Contract (Blue)",3.6573489,-1.2534381,-1.1220614,1,2
86,"4 Inch Touch Screen Cell Phone Unlocked, Android Unlocked Gsm Smartphones Dual Camera Dual Sim Dual Standby No Contract (Blue)",-0.81975406,-0.09008914,1.2594842,2,5
87,"4 Inch Touch Screen Cell Phone Unlocked, Android Unlocked Gsm Smartphones Dual Camera Dual Sim Dual Standby No Contract (Blue)",-1.3851975,0.8222543,0.87657756,2,5
88,"4 Inch Touch Screen Cell Phone Unlocked, Android Unlocked Gsm Smartphones Dual Camera Dual Sim Dual Standby No Contract (Blue)",-2.2624924,1.8681957,0.38328165,2,5
89,"4 Inch Touch Screen Cell Phone Unlocked, Android Unlocked Gsm Smartphones Dual Camera Dual Sim Dual Standby No Contract (Blue)",0.08792682,0.50695384,1.5473521,0,3
90,"4 Inch Touch Screen Cell Phone Unlocked, Android Unlocked Gsm Smartphones Dual Camera Dual Sim Dual Standby No Contract (Blue)",-2.8718467,1.4061507,-2.1016092,2,4
91,"4 Inch Touch Screen Cell Phone Unlocked, Android Unlocked Gsm Smartphones Dual Camera Dual Sim Dual Standby No Contract (Blue)",2.0305433,0.4495006,-1.3269966,1,4
92,"4 Inch Touch Screen Cell Phone Unlocked, Android Unlocked Gsm Smartphones Dual Camera Dual Sim Dual Standby No Contract (Blue)",0.57884794,-0.9287715,0.93029565,0,1
93,"4 Inch Touch Screen Cell Phone Unlocked, Android Unlocked Gsm Smartphones Dual Camera Dual Sim Dual Standby No Contract (Blue)",0.29226434,-0.5922051,2.131206,0,4
